individuales,s00101
individuales,s00102
individuales,s00103
individuales,s00104
individuales,s00105
individuales,s00106
individuales,s00108
individuales,s00110
individuales,s00111
individuales,s00112
individuales,s00113
individuales,s00114
individuales,s00115
individuales,s00116
individuales,s00117
individuales,s00118
individuales,s00120
individuales,s00121
individuales,s00122
individuales,s00123
individuales,s00124
individuales,s00126
individuales,s00127
individuales,s00128
individuales,s00129
individuales,s00130
individuales,s00131
individuales,s00132
individuales,s00133
individuales,s00135
individuales,s00136
individuales,s00138
individuales,s00140
individuales,s00141
individuales,s00143
individuales,s00144
individuales,s00146
individuales,s00148
individuales,s00149
individuales,s00150
individuales,s00201
individuales,s00202
individuales,s00203
individuales,s00204
individuales,s00207
individuales,s00208
individuales,s00209
individuales,s00210
individuales,s00212
individuales,s00213
individuales,s00214
individuales,s00215
individuales,s00217
individuales,s00218
individuales,s00219
individuales,s00221
individuales,s00223
individuales,s00224
individuales,s00225
individuales,s00226
individuales,s00227
individuales,s00228
individuales,s00229
individuales,s00230
individuales,s00231
individuales,s00232
individuales,s00233
individuales,s00235
individuales,s00236
individuales,s00237
individuales,s00239
individuales,s00240
individuales,s00241
individuales,s00242
individuales,s00243
individuales,s00244
individuales,s00247
individuales,s00250
individuales,s00301
individuales,s00302
individuales,s00303
individuales,s00305
individuales,s00306
individuales,s00307
individuales,s00309
individuales,s00310
individuales,s00311
individuales,s00312
individuales,s00314
individuales,s00315
individuales,s00316
individuales,s00317
individuales,s00318
individuales,s00319
individuales,s00320
individuales,s00321
individuales,s00322
individuales,s00323
individuales,s00324
individuales,s00325
individuales,s00327
individuales,s00330
individuales,s00331
individuales,s00332
individuales,s00334
individuales,s00335
individuales,s00336
individuales,s00337
individuales,s00338
individuales,s00340
individuales,s00341
individuales,s00342
individuales,s00343
individuales,s00344
individuales,s00345
individuales,s00346
individuales,s00348
individuales,s00349
individuales,s00350
individuales,s00401
individuales,s00402
individuales,s00403
individuales,s00404
individuales,s00405
individuales,s00406
individuales,s00408
individuales,s00409
individuales,s00410
individuales,s00411
individuales,s00413
individuales,s00415
individuales,s00416
individuales,s00417
individuales,s00418
individuales,s00419
individuales,s00421
individuales,s00422
individuales,s00423
individuales,s00425
individuales,s00426
individuales,s00427
individuales,s00428
individuales,s00430
individuales,s00431
individuales,s00432
individuales,s00434
individuales,s00435
individuales,s00437
individuales,s00438
individuales,s00441
individuales,s00443
individuales,s00444
individuales,s00445
individuales,s00447
individuales,s00448
individuales,s00449
individuales,s00501
individuales,s00502
individuales,s00503
individuales,s00504
individuales,s00505
individuales,s00506
individuales,s00507
individuales,s00508
individuales,s00509
individuales,s00510
individuales,s00512
individuales,s00513
individuales,s00514
individuales,s00516
individuales,s00517
individuales,s00518
individuales,s00519
individuales,s00520
individuales,s00521
individuales,s00522
individuales,s00523
individuales,s00525
individuales,s00526
individuales,s00527
individuales,s00528
individuales,s00529
individuales,s00530
individuales,s00531
individuales,s00532
individuales,s00533
individuales,s00535
individuales,s00536
individuales,s00537
individuales,s00539
individuales,s00540
individuales,s00541
individuales,s00542
individuales,s00543
individuales,s00544
individuales,s00545
individuales,s00546
individuales,s00547
individuales,s00549
individuales,s00550
individuales,s00602
individuales,s00603
individuales,s00605
individuales,s00608
individuales,s00609
individuales,s00610
individuales,s00611
individuales,s00612
individuales,s00614
individuales,s00616
individuales,s00617
individuales,s00618
individuales,s00620
individuales,s00621
individuales,s00622
individuales,s00623
individuales,s00625
individuales,s00626
individuales,s00627
individuales,s00629
individuales,s00630
individuales,s00631
individuales,s00632
individuales,s00633
individuales,s00634
individuales,s00635
individuales,s00636
individuales,s00637
individuales,s00638
individuales,s00639
individuales,s00640
individuales,s00642
individuales,s00643
individuales,s00644
individuales,s00645
individuales,s00646
individuales,s00648
individuales,s00649
individuales,s00701
individuales,s00703
individuales,s00704
individuales,s00705
individuales,s00708
individuales,s00709
individuales,s00710
individuales,s00711
individuales,s00712
individuales,s00713
individuales,s00715
individuales,s00716
individuales,s00717
individuales,s00718
individuales,s00719
individuales,s00721
individuales,s00722
individuales,s00726
individuales,s00728
individuales,s00729
individuales,s00730
individuales,s00731
individuales,s00732
individuales,s00733
individuales,s00734
individuales,s00735
individuales,s00736
individuales,s00738
individuales,s00739
individuales,s00740
individuales,s00741
individuales,s00742
individuales,s00743
individuales,s00745
individuales,s00746
individuales,s00747
individuales,s00748
individuales,s00749
individuales,s00750
individuales,s00802
individuales,s00803
individuales,s00804
individuales,s00805
individuales,s00806
individuales,s00807
individuales,s00808
individuales,s00809
individuales,s00810
individuales,s00811
individuales,s00812
individuales,s00813
individuales,s00814
individuales,s00815
individuales,s00816
individuales,s00817
individuales,s00820
individuales,s00821
individuales,s00823
individuales,s00824
individuales,s00825
individuales,s00826
individuales,s00827
individuales,s00829
individuales,s00830
individuales,s00832
individuales,s00833
individuales,s00835
individuales,s00836
individuales,s00837
individuales,s00838
individuales,s00839
individuales,s00841
individuales,s00842
individuales,s00843
individuales,s00844
individuales,s00845
individuales,s00847
individuales,s00848
individuales,s00849
individuales,s00901
individuales,s00903
individuales,s00904
individuales,s00906
individuales,s00907
individuales,s00908
individuales,s00909
individuales,s00911
individuales,s00912
individuales,s00913
individuales,s00915
individuales,s00916
individuales,s00917
individuales,s00918
individuales,s00919
individuales,s00921
individuales,s00922
individuales,s00923
individuales,s00924
individuales,s00925
individuales,s00927
individuales,s00928
individuales,s00929
individuales,s00930
individuales,s00931
individuales,s00932
individuales,s00933
individuales,s00934
individuales,s00935
individuales,s00936
individuales,s00937
individuales,s00938
individuales,s00939
individuales,s00940
individuales,s00941
individuales,s00942
individuales,s00943
individuales,s00944
individuales,s00945
individuales,s00946
individuales,s00947
individuales,s00948
individuales,s00949
individuales,s01001
individuales,s01002
individuales,s01004
individuales,s01005
individuales,s01006
individuales,s01007
individuales,s01008
individuales,s01009
individuales,s01010
individuales,s01012
individuales,s01013
individuales,s01015
individuales,s01018
individuales,s01019
individuales,s01020
individuales,s01021
individuales,s01022
individuales,s01023
individuales,s01025
individuales,s01026
individuales,s01027
individuales,s01028
individuales,s01029
individuales,s01030
individuales,s01031
individuales,s01033
individuales,s01034
individuales,s01035
individuales,s01037
individuales,s01038
individuales,s01039
individuales,s01040
individuales,s01043
individuales,s01044
individuales,s01045
individuales,s01046
individuales,s01049
individuales,s01050
individuales,s01101
individuales,s01102
individuales,s01103
individuales,s01104
individuales,s01105
individuales,s01106
individuales,s01108
individuales,s01109
individuales,s01110
individuales,s01114
individuales,s01116
individuales,s01117
individuales,s01119
individuales,s01120
individuales,s01121
individuales,s01122
individuales,s01123
individuales,s01124
individuales,s01125
individuales,s01126
individuales,s01127
individuales,s01128
individuales,s01130
individuales,s01131
individuales,s01132
individuales,s01133
individuales,s01134
individuales,s01135
individuales,s01136
individuales,s01137
individuales,s01138
individuales,s01139
individuales,s01140
individuales,s01141
individuales,s01142
individuales,s01144
individuales,s01145
individuales,s01146
individuales,s01148
individuales,s01150
individuales,s01201
individuales,s01202
individuales,s01203
individuales,s01204
individuales,s01205
individuales,s01206
individuales,s01208
individuales,s01210
individuales,s01211
individuales,s01213
individuales,s01214
individuales,s01215
individuales,s01216
individuales,s01218
individuales,s01221
individuales,s01222
individuales,s01223
individuales,s01224
individuales,s01225
individuales,s01227
individuales,s01228
individuales,s01230
individuales,s01232
individuales,s01233
individuales,s01234
individuales,s01235
individuales,s01236
individuales,s01237
individuales,s01238
individuales,s01240
individuales,s01241
individuales,s01242
individuales,s01243
individuales,s01244
individuales,s01246
individuales,s01247
individuales,s01248
individuales,s01249
individuales,s01250
individuales,s01302
individuales,s01303
individuales,s01305
individuales,s01306
individuales,s01308
individuales,s01309
individuales,s01314
individuales,s01315
individuales,s01316
individuales,s01317
individuales,s01318
individuales,s01320
individuales,s01321
individuales,s01322
individuales,s01323
individuales,s01324
individuales,s01325
individuales,s01326
individuales,s01327
individuales,s01329
individuales,s01331
individuales,s01332
individuales,s01333
individuales,s01334
individuales,s01337
individuales,s01338
individuales,s01339
individuales,s01341
individuales,s01343
individuales,s01344
individuales,s01345
individuales,s01346
individuales,s01347
individuales,s01348
individuales,s01349
individuales,s01350
individuales,s01403
individuales,s01404
individuales,s01405
individuales,s01406
individuales,s01407
individuales,s01408
individuales,s01409
individuales,s01411
individuales,s01412
individuales,s01413
individuales,s01415
individuales,s01416
individuales,s01417
individuales,s01418
individuales,s01420
individuales,s01421
individuales,s01422
individuales,s01423
individuales,s01424
individuales,s01425
individuales,s01426
individuales,s01427
individuales,s01428
individuales,s01429
individuales,s01430
individuales,s01431
individuales,s01432
individuales,s01433
individuales,s01434
individuales,s01435
individuales,s01436
individuales,s01437
individuales,s01439
individuales,s01440
individuales,s01441
individuales,s01443
individuales,s01444
individuales,s01445
individuales,s01446
individuales,s01447
individuales,s01448
individuales,s01449
individuales,s01450
individuales,s01501
individuales,s01503
individuales,s01504
individuales,s01506
individuales,s01508
individuales,s01510
individuales,s01511
individuales,s01512
individuales,s01513
individuales,s01514
individuales,s01515
individuales,s01517
individuales,s01518
individuales,s01519
individuales,s01520
individuales,s01521
individuales,s01522
individuales,s01523
individuales,s01526
individuales,s01527
individuales,s01528
individuales,s01529
individuales,s01530
individuales,s01531
individuales,s01532
individuales,s01534
individuales,s01535
individuales,s01537
individuales,s01539
individuales,s01540
individuales,s01541
individuales,s01543
individuales,s01544
individuales,s01545
individuales,s01546
individuales,s01547
individuales,s01548
individuales,s01549
individuales,s01550
individuales,s01602
individuales,s01603
individuales,s01604
individuales,s01605
individuales,s01607
individuales,s01608
individuales,s01609
individuales,s01610
individuales,s01612
individuales,s01613
individuales,s01614
individuales,s01615
individuales,s01616
individuales,s01617
individuales,s01618
individuales,s01619
individuales,s01621
individuales,s01622
individuales,s01623
individuales,s01624
individuales,s01625
individuales,s01626
individuales,s01628
individuales,s01629
individuales,s01632
individuales,s01633
individuales,s01635
individuales,s01637
individuales,s01638
individuales,s01639
individuales,s01640
individuales,s01642
individuales,s01643
individuales,s01644
individuales,s01645
individuales,s01647
individuales,s01648
individuales,s01702
individuales,s01703
individuales,s01707
individuales,s01708
individuales,s01709
individuales,s01710
individuales,s01711
individuales,s01712
individuales,s01713
individuales,s01714
individuales,s01716
individuales,s01717
individuales,s01718
individuales,s01719
individuales,s01721
individuales,s01722
individuales,s01723
individuales,s01725
individuales,s01726
individuales,s01727
individuales,s01728
individuales,s01729
individuales,s01730
individuales,s01731
individuales,s01733
individuales,s01734
individuales,s01736
individuales,s01737
individuales,s01738
individuales,s01740
individuales,s01741
individuales,s01742
individuales,s01743
individuales,s01744
individuales,s01745
individuales,s01746
individuales,s01747
individuales,s01748
individuales,s01750
individuales,s01801
individuales,s01802
individuales,s01803
individuales,s01804
individuales,s01805
individuales,s01806
individuales,s01807
individuales,s01808
individuales,s01809
individuales,s01810
individuales,s01811
individuales,s01814
individuales,s01815
individuales,s01817
individuales,s01818
individuales,s01819
individuales,s01820
individuales,s01821
individuales,s01822
individuales,s01823
individuales,s01824
individuales,s01825
individuales,s01827
individuales,s01828
individuales,s01829
individuales,s01830
individuales,s01831
individuales,s01832
individuales,s01833
individuales,s01834
individuales,s01836
individuales,s01837
individuales,s01838
individuales,s01839
individuales,s01840
individuales,s01841
individuales,s01842
individuales,s01843
individuales,s01846
individuales,s01848
individuales,s01849
individuales,s01850
individuales,s01903
individuales,s01904
individuales,s01905
individuales,s01906
individuales,s01907
individuales,s01908
individuales,s01909
individuales,s01910
individuales,s01912
individuales,s01913
individuales,s01914
individuales,s01915
individuales,s01916
individuales,s01917
individuales,s01919
individuales,s01920
individuales,s01921
individuales,s01923
individuales,s01924
individuales,s01927
individuales,s01928
individuales,s01930
individuales,s01931
individuales,s01933
individuales,s01934
individuales,s01935
individuales,s01936
individuales,s01937
individuales,s01939
individuales,s01940
individuales,s01941
individuales,s01942
individuales,s01943
individuales,s01944
individuales,s01945
individuales,s01946
individuales,s01947
individuales,s01948
individuales,s01949
individuales,s02001
individuales,s02004
individuales,s02005
individuales,s02006
individuales,s02007
individuales,s02008
individuales,s02009
individuales,s02010
individuales,s02012
individuales,s02013
individuales,s02015
individuales,s02018
individuales,s02019
individuales,s02020
individuales,s02022
individuales,s02023
individuales,s02024
individuales,s02026
individuales,s02027
individuales,s02029
individuales,s02030
individuales,s02031
individuales,s02032
individuales,s02034
individuales,s02035
individuales,s02036
individuales,s02037
individuales,s02038
individuales,s02040
individuales,s02041
individuales,s02044
individuales,s02045
individuales,s02046
individuales,s02047
individuales,s02048
individuales,s02049
individuales,s02050
individuales,s02101
individuales,s02102
individuales,s02103
individuales,s02105
individuales,s02106
individuales,s02107
individuales,s02109
individuales,s02111
individuales,s02112
individuales,s02113
individuales,s02114
individuales,s02115
individuales,s02116
individuales,s02117
individuales,s02118
individuales,s02119
individuales,s02120
individuales,s02121
individuales,s02122
individuales,s02123
individuales,s02124
individuales,s02126
individuales,s02127
individuales,s02128
individuales,s02129
individuales,s02130
individuales,s02131
individuales,s02132
individuales,s02134
individuales,s02135
individuales,s02136
individuales,s02137
individuales,s02138
individuales,s02139
individuales,s02141
individuales,s02142
individuales,s02144
individuales,s02145
individuales,s02147
individuales,s02148
individuales,s02150
individuales,s02202
individuales,s02203
individuales,s02204
individuales,s02205
individuales,s02206
individuales,s02208
individuales,s02209
individuales,s02210
individuales,s02211
individuales,s02212
individuales,s02214
individuales,s02215
individuales,s02216
individuales,s02217
individuales,s02218
individuales,s02219
individuales,s02220
individuales,s02221
individuales,s02223
individuales,s02224
individuales,s02225
individuales,s02226
individuales,s02229
individuales,s02230
individuales,s02231
individuales,s02234
individuales,s02235
individuales,s02236
individuales,s02237
individuales,s02238
individuales,s02239
individuales,s02240
individuales,s02242
individuales,s02244
individuales,s02245
individuales,s02246
individuales,s02247
individuales,s02248
individuales,s02250
individuales,s02302
individuales,s02303
individuales,s02304
individuales,s02306
individuales,s02307
individuales,s02308
individuales,s02309
individuales,s02310
individuales,s02311
individuales,s02312
individuales,s02315
individuales,s02316
individuales,s02317
individuales,s02319
individuales,s02321
individuales,s02322
individuales,s02323
individuales,s02324
individuales,s02325
individuales,s02326
individuales,s02327
individuales,s02329
individuales,s02330
individuales,s02331
individuales,s02332
individuales,s02333
individuales,s02334
individuales,s02335
individuales,s02336
individuales,s02337
individuales,s02339
individuales,s02340
individuales,s02343
individuales,s02345
individuales,s02346
individuales,s02347
individuales,s02348
individuales,s02349
individuales,s02350
individuales,s02401
individuales,s02402
individuales,s02403
individuales,s02404
individuales,s02405
individuales,s02406
individuales,s02407
individuales,s02408
individuales,s02410
individuales,s02412
individuales,s02413
individuales,s02414
individuales,s02416
individuales,s02417
individuales,s02419
individuales,s02420
individuales,s02421
individuales,s02422
individuales,s02424
individuales,s02425
individuales,s02426
individuales,s02428
individuales,s02431
individuales,s02432
individuales,s02433
individuales,s02436
individuales,s02438
individuales,s02439
individuales,s02440
individuales,s02441
individuales,s02443
individuales,s02444
individuales,s02445
individuales,s02448
individuales,s02449
individuales,s02450
individuales,s02501
individuales,s02502
individuales,s02505
individuales,s02506
individuales,s02507
individuales,s02508
individuales,s02509
individuales,s02510
individuales,s02511
individuales,s02513
individuales,s02514
individuales,s02515
individuales,s02516
individuales,s02517
individuales,s02519
individuales,s02520
individuales,s02521
individuales,s02522
individuales,s02523
individuales,s02524
individuales,s02525
individuales,s02526
individuales,s02527
individuales,s02529
individuales,s02530
individuales,s02531
individuales,s02533
individuales,s02534
individuales,s02535
individuales,s02538
individuales,s02539
individuales,s02540
individuales,s02543
individuales,s02545
individuales,s02546
individuales,s02548
individuales,s02549
individuales,s02550
individuales,s02602
individuales,s02603
individuales,s02604
individuales,s02605
individuales,s02606
individuales,s02607
individuales,s02608
individuales,s02609
individuales,s02610
individuales,s02611
individuales,s02612
individuales,s02613
individuales,s02614
individuales,s02615
individuales,s02619
individuales,s02620
individuales,s02621
individuales,s02622
individuales,s02623
individuales,s02624
individuales,s02626
individuales,s02627
individuales,s02628
individuales,s02629
individuales,s02630
individuales,s02631
individuales,s02632
individuales,s02634
individuales,s02636
individuales,s02638
individuales,s02639
individuales,s02641
individuales,s02643
individuales,s02644
individuales,s02645
individuales,s02646
individuales,s02647
individuales,s02648
individuales,s02649
individuales,s02650
individuales,s02701
individuales,s02702
individuales,s02703
individuales,s02704
individuales,s02706
individuales,s02707
individuales,s02708
individuales,s02709
individuales,s02710
individuales,s02711
individuales,s02712
individuales,s02713
individuales,s02714
individuales,s02715
individuales,s02716
individuales,s02717
individuales,s02718
individuales,s02719
individuales,s02720
individuales,s02722
individuales,s02723
individuales,s02724
individuales,s02725
individuales,s02726
individuales,s02728
individuales,s02729
individuales,s02730
individuales,s02731
individuales,s02732
individuales,s02733
individuales,s02734
individuales,s02735
individuales,s02736
individuales,s02737
individuales,s02738
individuales,s02739
individuales,s02741
individuales,s02742
individuales,s02743
individuales,s02744
individuales,s02745
individuales,s02746
individuales,s02747
individuales,s02748
individuales,s02801
individuales,s02803
individuales,s02804
individuales,s02806
individuales,s02807
individuales,s02808
individuales,s02809
individuales,s02811
individuales,s02812
individuales,s02813
individuales,s02816
individuales,s02817
individuales,s02818
individuales,s02819
individuales,s02820
individuales,s02821
individuales,s02822
individuales,s02823
individuales,s02824
individuales,s02825
individuales,s02826
individuales,s02827
individuales,s02828
individuales,s02829
individuales,s02830
individuales,s02831
individuales,s02832
individuales,s02833
individuales,s02834
individuales,s02836
individuales,s02837
individuales,s02839
individuales,s02841
individuales,s02842
individuales,s02843
individuales,s02845
individuales,s02847
individuales,s02849
individuales,s02850
individuales,s02902
individuales,s02903
individuales,s02904
individuales,s02905
individuales,s02906
individuales,s02907
individuales,s02910
individuales,s02911
individuales,s02912
individuales,s02913
individuales,s02914
individuales,s02915
individuales,s02916
individuales,s02917
individuales,s02919
individuales,s02922
individuales,s02923
individuales,s02926
individuales,s02928
individuales,s02929
individuales,s02930
individuales,s02931
individuales,s02932
individuales,s02933
individuales,s02934
individuales,s02935
individuales,s02936
individuales,s02937
individuales,s02938
individuales,s02939
individuales,s02940
individuales,s02941
individuales,s02942
individuales,s02943
individuales,s02944
individuales,s02946
individuales,s02947
individuales,s02948
individuales,s02950
individuales,s03001
individuales,s03002
individuales,s03003
individuales,s03004
individuales,s03005
individuales,s03007
individuales,s03008
individuales,s03009
individuales,s03010
individuales,s03012
individuales,s03013
individuales,s03014
individuales,s03015
individuales,s03017
individuales,s03018
individuales,s03019
individuales,s03020
individuales,s03021
individuales,s03022
individuales,s03023
individuales,s03024
individuales,s03025
individuales,s03026
individuales,s03027
individuales,s03028
individuales,s03029
individuales,s03030
individuales,s03031
individuales,s03034
individuales,s03035
individuales,s03036
individuales,s03037
individuales,s03039
individuales,s03040
individuales,s03041
individuales,s03042
individuales,s03043
individuales,s03044
individuales,s03045
individuales,s03046
individuales,s03047
individuales,s03048
individuales,s03049
individuales,s03050
individuales,s03101
individuales,s03102
individuales,s03104
individuales,s03105
individuales,s03106
individuales,s03108
individuales,s03109
individuales,s03110
individuales,s03111
individuales,s03112
individuales,s03113
individuales,s03114
individuales,s03116
individuales,s03117
individuales,s03118
individuales,s03119
individuales,s03120
individuales,s03121
individuales,s03122
individuales,s03125
individuales,s03126
individuales,s03127
individuales,s03129
individuales,s03130
individuales,s03131
individuales,s03132
individuales,s03133
individuales,s03134
individuales,s03136
individuales,s03137
individuales,s03138
individuales,s03139
individuales,s03140
individuales,s03141
individuales,s03142
individuales,s03143
individuales,s03145
individuales,s03147
individuales,s03148
individuales,s03149
individuales,s03150
individuales,s03202
individuales,s03203
individuales,s03204
individuales,s03205
individuales,s03206
individuales,s03209
individuales,s03210
individuales,s03211
individuales,s03212
individuales,s03213
individuales,s03214
individuales,s03215
individuales,s03216
individuales,s03217
individuales,s03220
individuales,s03221
individuales,s03222
individuales,s03223
individuales,s03224
individuales,s03227
individuales,s03228
individuales,s03229
individuales,s03231
individuales,s03232
individuales,s03234
individuales,s03235
individuales,s03236
individuales,s03238
individuales,s03240
individuales,s03241
individuales,s03242
individuales,s03243
individuales,s03245
individuales,s03246
individuales,s03247
individuales,s03248
individuales,s03249
individuales,s03250
individuales,s03301
individuales,s03302
individuales,s03303
individuales,s03304
individuales,s03306
individuales,s03307
individuales,s03309
individuales,s03310
individuales,s03311
individuales,s03312
individuales,s03313
individuales,s03315
individuales,s03316
individuales,s03317
individuales,s03319
individuales,s03320
individuales,s03321
individuales,s03322
individuales,s03323
individuales,s03324
individuales,s03325
individuales,s03326
individuales,s03327
individuales,s03328
individuales,s03329
individuales,s03330
individuales,s03331
individuales,s03332
individuales,s03333
individuales,s03334
individuales,s03335
individuales,s03336
individuales,s03338
individuales,s03340
individuales,s03341
individuales,s03342
individuales,s03346
individuales,s03347
individuales,s03348
individuales,s03349
individuales,s03350
individuales,s03401
individuales,s03402
individuales,s03403
individuales,s03404
individuales,s03405
individuales,s03410
individuales,s03411
individuales,s03412
individuales,s03413
individuales,s03414
individuales,s03417
individuales,s03418
individuales,s03419
individuales,s03420
individuales,s03421
individuales,s03423
individuales,s03424
individuales,s03425
individuales,s03426
individuales,s03427
individuales,s03428
individuales,s03429
individuales,s03430
individuales,s03433
individuales,s03434
individuales,s03437
individuales,s03438
individuales,s03439
individuales,s03440
individuales,s03441
individuales,s03442
individuales,s03444
individuales,s03445
individuales,s03446
individuales,s03447
individuales,s03448
individuales,s03449
individuales,s03450
individuales,s03501
individuales,s03505
individuales,s03506
individuales,s03507
individuales,s03510
individuales,s03511
individuales,s03514
individuales,s03515
individuales,s03516
individuales,s03518
individuales,s03519
individuales,s03520
individuales,s03521
individuales,s03522
individuales,s03523
individuales,s03525
individuales,s03526
individuales,s03527
individuales,s03528
individuales,s03529
individuales,s03530
individuales,s03531
individuales,s03533
individuales,s03534
individuales,s03536
individuales,s03538
individuales,s03539
individuales,s03543
individuales,s03545
individuales,s03546
individuales,s03547
individuales,s03548
individuales,s03549
individuales,s03550
individuales,s03601
individuales,s03602
individuales,s03603
individuales,s03604
individuales,s03605
individuales,s03606
individuales,s03607
individuales,s03608
individuales,s03609
individuales,s03611
individuales,s03612
individuales,s03613
individuales,s03614
individuales,s03615
individuales,s03616
individuales,s03617
individuales,s03618
individuales,s03619
individuales,s03622
individuales,s03623
individuales,s03625
individuales,s03626
individuales,s03627
individuales,s03628
individuales,s03629
individuales,s03630
individuales,s03631
individuales,s03634
individuales,s03635
individuales,s03636
individuales,s03637
individuales,s03640
individuales,s03641
individuales,s03642
individuales,s03645
individuales,s03646
individuales,s03649
individuales,s03701
individuales,s03703
individuales,s03704
individuales,s03705
individuales,s03706
individuales,s03707
individuales,s03708
individuales,s03709
individuales,s03710
individuales,s03712
individuales,s03714
individuales,s03715
individuales,s03716
individuales,s03717
individuales,s03718
individuales,s03719
individuales,s03720
individuales,s03721
individuales,s03722
individuales,s03723
individuales,s03724
individuales,s03727
individuales,s03728
individuales,s03729
individuales,s03730
individuales,s03732
individuales,s03733
individuales,s03734
individuales,s03735
individuales,s03736
individuales,s03737
individuales,s03739
individuales,s03740
individuales,s03741
individuales,s03743
individuales,s03745
individuales,s03746
individuales,s03747
individuales,s03748
individuales,s03749
individuales,s03750
individuales,s03801
individuales,s03803
individuales,s03804
individuales,s03806
individuales,s03808
individuales,s03809
individuales,s03810
individuales,s03812
individuales,s03813
individuales,s03814
individuales,s03815
individuales,s03816
individuales,s03818
individuales,s03820
individuales,s03821
individuales,s03822
individuales,s03823
individuales,s03825
individuales,s03826
individuales,s03828
individuales,s03829
individuales,s03832
individuales,s03833
individuales,s03834
individuales,s03836
individuales,s03837
individuales,s03838
individuales,s03839
individuales,s03841
individuales,s03842
individuales,s03844
individuales,s03845
individuales,s03846
individuales,s03847
individuales,s03848
individuales,s03849
individuales,s03850
individuales,s03901
individuales,s03902
individuales,s03903
individuales,s03904
individuales,s03905
individuales,s03907
individuales,s03908
individuales,s03909
individuales,s03911
individuales,s03913
individuales,s03917
individuales,s03918
individuales,s03920
individuales,s03921
individuales,s03922
individuales,s03923
individuales,s03924
individuales,s03925
individuales,s03927
individuales,s03929
individuales,s03930
individuales,s03931
individuales,s03933
individuales,s03934
individuales,s03935
individuales,s03936
individuales,s03937
individuales,s03938
individuales,s03939
individuales,s03941
individuales,s03942
individuales,s03943
individuales,s03944
individuales,s03945
individuales,s03946
individuales,s03947
individuales,s03948
individuales,s03949
individuales,s03950
individuales,s04001
individuales,s04002
individuales,s04003
individuales,s04004
individuales,s04006
individuales,s04008
individuales,s04009
individuales,s04011
individuales,s04013
individuales,s04014
individuales,s04015
individuales,s04016
individuales,s04017
individuales,s04018
individuales,s04019
individuales,s04020
individuales,s04021
individuales,s04022
individuales,s04024
individuales,s04025
individuales,s04026
individuales,s04027
individuales,s04028
individuales,s04029
individuales,s04030
individuales,s04031
individuales,s04032
individuales,s04033
individuales,s04034
individuales,s04036
individuales,s04037
individuales,s04038
individuales,s04040
individuales,s04041
individuales,s04042
individuales,s04043
individuales,s04044
individuales,s04045
individuales,s04046
individuales,s04047
individuales,s04048
individuales,s04049
individuales,s04101
individuales,s04102
individuales,s04103
individuales,s04104
individuales,s04105
individuales,s04108
individuales,s04109
individuales,s04110
individuales,s04112
individuales,s04113
individuales,s04114
individuales,s04116
individuales,s04117
individuales,s04118
individuales,s04120
individuales,s04121
individuales,s04122
individuales,s04124
individuales,s04125
individuales,s04126
individuales,s04128
individuales,s04129
individuales,s04131
individuales,s04132
individuales,s04133
individuales,s04134
individuales,s04135
individuales,s04136
individuales,s04137
individuales,s04138
individuales,s04139
individuales,s04140
individuales,s04141
individuales,s04143
individuales,s04144
individuales,s04145
individuales,s04146
individuales,s04147
individuales,s04148
individuales,s04201
individuales,s04202
individuales,s04203
individuales,s04204
individuales,s04205
individuales,s04207
individuales,s04208
individuales,s04209
individuales,s04210
individuales,s04211
individuales,s04212
individuales,s04214
individuales,s04216
individuales,s04217
individuales,s04221
individuales,s04222
individuales,s04224
individuales,s04226
individuales,s04227
individuales,s04228
individuales,s04230
individuales,s04231
individuales,s04232
individuales,s04233
individuales,s04234
individuales,s04235
individuales,s04236
individuales,s04237
individuales,s04238
individuales,s04240
individuales,s04241
individuales,s04242
individuales,s04243
individuales,s04246
individuales,s04247
individuales,s04249
individuales,s04250
individuales,s04301
individuales,s04302
individuales,s04303
individuales,s04304
individuales,s04306
individuales,s04307
individuales,s04308
individuales,s04310
individuales,s04312
individuales,s04313
individuales,s04314
individuales,s04315
individuales,s04316
individuales,s04317
individuales,s04318
individuales,s04319
individuales,s04321
individuales,s04322
individuales,s04323
individuales,s04324
individuales,s04325
individuales,s04326
individuales,s04327
individuales,s04328
individuales,s04329
individuales,s04330
individuales,s04331
individuales,s04332
individuales,s04333
individuales,s04334
individuales,s04335
individuales,s04337
individuales,s04338
individuales,s04339
individuales,s04340
individuales,s04342
individuales,s04343
individuales,s04344
individuales,s04345
individuales,s04346
individuales,s04347
individuales,s04348
individuales,s04349
individuales,s04350
individuales,s04401
individuales,s04402
individuales,s04403
individuales,s04404
individuales,s04405
individuales,s04407
individuales,s04408
individuales,s04409
individuales,s04410
individuales,s04411
individuales,s04413
individuales,s04414
individuales,s04415
individuales,s04418
individuales,s04419
individuales,s04420
individuales,s04421
individuales,s04422
individuales,s04423
individuales,s04424
individuales,s04425
individuales,s04428
individuales,s04429
individuales,s04430
individuales,s04434
individuales,s04438
individuales,s04439
individuales,s04440
individuales,s04443
individuales,s04444
individuales,s04445
individuales,s04446
individuales,s04447
individuales,s04448
individuales,s04449
individuales,s04450
individuales,s04501
individuales,s04502
individuales,s04503
individuales,s04504
individuales,s04505
individuales,s04507
individuales,s04508
individuales,s04509
individuales,s04511
individuales,s04512
individuales,s04513
individuales,s04514
individuales,s04515
individuales,s04516
individuales,s04517
individuales,s04518
individuales,s04519
individuales,s04520
individuales,s04521
individuales,s04523
individuales,s04524
individuales,s04525
individuales,s04526
individuales,s04527
individuales,s04528
individuales,s04529
individuales,s04530
individuales,s04531
individuales,s04532
individuales,s04533
individuales,s04534
individuales,s04535
individuales,s04536
individuales,s04537
individuales,s04538
individuales,s04539
individuales,s04540
individuales,s04542
individuales,s04543
individuales,s04545
individuales,s04546
individuales,s04547
individuales,s04548
individuales,s04549
individuales,s04601
individuales,s04602
individuales,s04603
individuales,s04604
individuales,s04605
individuales,s04606
individuales,s04607
individuales,s04608
individuales,s04609
individuales,s04611
individuales,s04612
individuales,s04613
individuales,s04614
individuales,s04616
individuales,s04617
individuales,s04619
individuales,s04621
individuales,s04622
individuales,s04623
individuales,s04624
individuales,s04626
individuales,s04627
individuales,s04628
individuales,s04629
individuales,s04630
individuales,s04631
individuales,s04632
individuales,s04633
individuales,s04634
individuales,s04636
individuales,s04637
individuales,s04638
individuales,s04639
individuales,s04640
individuales,s04642
individuales,s04644
individuales,s04645
individuales,s04646
individuales,s04647
individuales,s04648
individuales,s04649
individuales,s04701
individuales,s04702
individuales,s04704
individuales,s04705
individuales,s04706
individuales,s04707
individuales,s04708
individuales,s04709
individuales,s04711
individuales,s04712
individuales,s04713
individuales,s04714
individuales,s04715
individuales,s04716
individuales,s04717
individuales,s04718
individuales,s04719
individuales,s04720
individuales,s04721
individuales,s04723
individuales,s04724
individuales,s04725
individuales,s04726
individuales,s04727
individuales,s04728
individuales,s04729
individuales,s04730
individuales,s04731
individuales,s04732
individuales,s04734
individuales,s04737
individuales,s04739
individuales,s04740
individuales,s04741
individuales,s04742
individuales,s04743
individuales,s04744
individuales,s04745
individuales,s04746
individuales,s04748
individuales,s04749
individuales,s04750
individuales,s04801
individuales,s04804
individuales,s04805
individuales,s04806
individuales,s04807
individuales,s04808
individuales,s04809
individuales,s04810
individuales,s04811
individuales,s04812
individuales,s04813
individuales,s04814
individuales,s04815
individuales,s04816
individuales,s04817
individuales,s04819
individuales,s04821
individuales,s04822
individuales,s04823
individuales,s04824
individuales,s04825
individuales,s04826
individuales,s04827
individuales,s04829
individuales,s04831
individuales,s04833
individuales,s04834
individuales,s04835
individuales,s04836
individuales,s04839
individuales,s04840
individuales,s04841
individuales,s04842
individuales,s04844
individuales,s04845
individuales,s04847
individuales,s04901
individuales,s04903
individuales,s04905
individuales,s04906
individuales,s04907
individuales,s04909
individuales,s04910
individuales,s04911
individuales,s04912
individuales,s04913
individuales,s04914
individuales,s04915
individuales,s04916
individuales,s04917
individuales,s04918
individuales,s04919
individuales,s04920
individuales,s04921
individuales,s04922
individuales,s04923
individuales,s04924
individuales,s04925
individuales,s04926
individuales,s04927
individuales,s04928
individuales,s04929
individuales,s04930
individuales,s04931
individuales,s04932
individuales,s04933
individuales,s04934
individuales,s04935
individuales,s04936
individuales,s04937
individuales,s04938
individuales,s04939
individuales,s04940
individuales,s04941
individuales,s04942
individuales,s04943
individuales,s04944
individuales,s04945
individuales,s04946
individuales,s04947
individuales,s04948
individuales,s04949
individuales,s05001
individuales,s05003
individuales,s05004
individuales,s05005
individuales,s05006
individuales,s05007
individuales,s05008
individuales,s05010
individuales,s05011
individuales,s05012
individuales,s05013
individuales,s05014
individuales,s05015
individuales,s05016
individuales,s05019
individuales,s05020
individuales,s05021
individuales,s05022
individuales,s05023
individuales,s05024
individuales,s05025
individuales,s05026
individuales,s05027
individuales,s05028
individuales,s05029
individuales,s05030
individuales,s05031
individuales,s05032
individuales,s05033
individuales,s05034
individuales,s05036
individuales,s05037
individuales,s05038
individuales,s05039
individuales,s05040
individuales,s05041
individuales,s05042
individuales,s05044
individuales,s05045
individuales,s05046
individuales,s05047
individuales,s05048
individuales,s05049
individuales,s05050
individuales,s05101
individuales,s05102
individuales,s05103
individuales,s05104
individuales,s05107
individuales,s05108
individuales,s05109
individuales,s05110
individuales,s05111
individuales,s05112
individuales,s05113
individuales,s05115
individuales,s05116
individuales,s05117
individuales,s05118
individuales,s05119
individuales,s05120
individuales,s05121
individuales,s05122
individuales,s05123
individuales,s05124
individuales,s05125
individuales,s05127
individuales,s05128
individuales,s05129
individuales,s05130
individuales,s05131
individuales,s05132
individuales,s05133
individuales,s05134
individuales,s05136
individuales,s05137
individuales,s05139
individuales,s05141
individuales,s05142
individuales,s05143
individuales,s05144
individuales,s05148
individuales,s05149
individuales,s05150
individuales,s05203
individuales,s05204
individuales,s05205
individuales,s05206
individuales,s05208
individuales,s05209
individuales,s05210
individuales,s05213
individuales,s05214
individuales,s05215
individuales,s05216
individuales,s05217
individuales,s05218
individuales,s05219
individuales,s05220
individuales,s05221
individuales,s05223
individuales,s05224
individuales,s05225
individuales,s05226
individuales,s05227
individuales,s05228
individuales,s05229
individuales,s05230
individuales,s05231
individuales,s05232
individuales,s05235
individuales,s05236
individuales,s05237
individuales,s05238
individuales,s05239
individuales,s05240
individuales,s05241
individuales,s05242
individuales,s05243
individuales,s05244
individuales,s05245
individuales,s05246
individuales,s05247
individuales,s05249
individuales,s05250
individuales,s05301
individuales,s05303
individuales,s05304
individuales,s05306
individuales,s05308
individuales,s05309
individuales,s05310
individuales,s05311
individuales,s05313
individuales,s05314
individuales,s05316
individuales,s05317
individuales,s05318
individuales,s05319
individuales,s05320
individuales,s05321
individuales,s05322
individuales,s05323
individuales,s05324
individuales,s05326
individuales,s05327
individuales,s05328
individuales,s05329
individuales,s05330
individuales,s05331
individuales,s05332
individuales,s05333
individuales,s05334
individuales,s05336
individuales,s05337
individuales,s05340
individuales,s05341
individuales,s05342
individuales,s05345
individuales,s05346
individuales,s05348
individuales,s05349
individuales,s05350
individuales,s05401
individuales,s05404
individuales,s05405
individuales,s05406
individuales,s05407
individuales,s05408
individuales,s05410
individuales,s05412
individuales,s05414
individuales,s05415
individuales,s05416
individuales,s05417
individuales,s05418
individuales,s05419
individuales,s05420
individuales,s05424
individuales,s05425
individuales,s05426
individuales,s05427
individuales,s05428
individuales,s05431
individuales,s05433
individuales,s05434
individuales,s05435
individuales,s05436
individuales,s05437
individuales,s05438
individuales,s05441
individuales,s05442
individuales,s05445
individuales,s05446
individuales,s05448
individuales,s05449
individuales,s05450
individuales,s05501
individuales,s05502
individuales,s05505
individuales,s05511
individuales,s05512
individuales,s05513
individuales,s05514
individuales,s05515
individuales,s05516
individuales,s05519
individuales,s05522
individuales,s05523
individuales,s05524
individuales,s05526
individuales,s05528
individuales,s05529
individuales,s05531
individuales,s05532
individuales,s05533
individuales,s05534
individuales,s05535
individuales,s05536
individuales,s05537
individuales,s05539
individuales,s05540
individuales,s05542
individuales,s05543
individuales,s05544
individuales,s05546
individuales,s05547
individuales,s05548
individuales,s05549
individuales,s05550
individuales,s05601
individuales,s05602
individuales,s05604
individuales,s05605
individuales,s05606
individuales,s05607
individuales,s05608
individuales,s05609
individuales,s05610
individuales,s05611
individuales,s05612
individuales,s05613
individuales,s05614
individuales,s05615
individuales,s05617
individuales,s05618
individuales,s05619
individuales,s05620
individuales,s05621
individuales,s05622
individuales,s05623
individuales,s05624
individuales,s05625
individuales,s05626
individuales,s05627
individuales,s05628
individuales,s05629
individuales,s05630
individuales,s05631
individuales,s05632
individuales,s05638
individuales,s05639
individuales,s05640
individuales,s05641
individuales,s05642
individuales,s05644
individuales,s05645
individuales,s05646
individuales,s05647
individuales,s05649
individuales,s05701
individuales,s05702
individuales,s05703
individuales,s05704
individuales,s05705
individuales,s05706
individuales,s05707
individuales,s05708
individuales,s05709
individuales,s05710
individuales,s05711
individuales,s05712
individuales,s05713
individuales,s05715
individuales,s05716
individuales,s05717
individuales,s05718
individuales,s05720
individuales,s05722
individuales,s05724
individuales,s05726
individuales,s05727
individuales,s05728
individuales,s05730
individuales,s05731
individuales,s05732
individuales,s05733
individuales,s05734
individuales,s05735
individuales,s05736
individuales,s05737
individuales,s05739
individuales,s05740
individuales,s05741
individuales,s05742
individuales,s05743
individuales,s05744
individuales,s05745
individuales,s05746
individuales,s05747
individuales,s05748
individuales,s05750
individuales,s05801
individuales,s05803
individuales,s05804
individuales,s05806
individuales,s05807
individuales,s05808
individuales,s05809
individuales,s05810
individuales,s05811
individuales,s05812
individuales,s05813
individuales,s05814
individuales,s05815
individuales,s05816
individuales,s05817
individuales,s05818
individuales,s05819
individuales,s05820
individuales,s05821
individuales,s05822
individuales,s05823
individuales,s05824
individuales,s05825
individuales,s05826
individuales,s05827
individuales,s05828
individuales,s05830
individuales,s05831
individuales,s05832
individuales,s05833
individuales,s05835
individuales,s05839
individuales,s05840
individuales,s05841
individuales,s05842
individuales,s05843
individuales,s05844
individuales,s05845
individuales,s05846
individuales,s05847
individuales,s05848
individuales,s05849
individuales,s05901
individuales,s05902
individuales,s05905
individuales,s05907
individuales,s05908
individuales,s05909
individuales,s05910
individuales,s05911
individuales,s05914
individuales,s05917
individuales,s05918
individuales,s05919
individuales,s05920
individuales,s05921
individuales,s05922
individuales,s05923
individuales,s05924
individuales,s05925
individuales,s05926
individuales,s05928
individuales,s05929
individuales,s05930
individuales,s05931
individuales,s05932
individuales,s05933
individuales,s05935
individuales,s05936
individuales,s05939
individuales,s05940
individuales,s05941
individuales,s05942
individuales,s05943
individuales,s05944
individuales,s05945
individuales,s05946
individuales,s05947
individuales,s05948
individuales,s05949
individuales,s06001
individuales,s06002
individuales,s06003
individuales,s06005
individuales,s06006
individuales,s06008
individuales,s06009
individuales,s06010
individuales,s06011
individuales,s06012
individuales,s06013
individuales,s06014
individuales,s06015
individuales,s06016
individuales,s06018
individuales,s06019
individuales,s06020
individuales,s06022
individuales,s06023
individuales,s06024
individuales,s06025
individuales,s06026
individuales,s06027
individuales,s06028
individuales,s06029
individuales,s06031
individuales,s06032
individuales,s06033
individuales,s06034
individuales,s06035
individuales,s06036
individuales,s06037
individuales,s06038
individuales,s06039
individuales,s06040
individuales,s06041
individuales,s06042
individuales,s06043
individuales,s06047
individuales,s06048
individuales,s06049
individuales,s06050
individuales,s06102
individuales,s06103
individuales,s06104
individuales,s06105
individuales,s06107
individuales,s06108
individuales,s06109
individuales,s06110
individuales,s06111
individuales,s06114
individuales,s06115
individuales,s06116
individuales,s06117
individuales,s06118
individuales,s06120
individuales,s06121
individuales,s06122
individuales,s06123
individuales,s06124
individuales,s06125
individuales,s06126
individuales,s06128
individuales,s06129
individuales,s06130
individuales,s06132
individuales,s06133
individuales,s06136
individuales,s06137
individuales,s06138
individuales,s06139
individuales,s06140
individuales,s06141
individuales,s06142
individuales,s06143
individuales,s06144
individuales,s06145
individuales,s06147
individuales,s06148
individuales,s06149
individuales,s06201
individuales,s06202
individuales,s06203
individuales,s06204
individuales,s06205
individuales,s06207
individuales,s06208
individuales,s06209
individuales,s06210
individuales,s06212
individuales,s06213
individuales,s06214
individuales,s06215
individuales,s06216
individuales,s06217
individuales,s06218
individuales,s06219
individuales,s06220
individuales,s06221
individuales,s06222
individuales,s06223
individuales,s06224
individuales,s06225
individuales,s06226
individuales,s06227
individuales,s06228
individuales,s06229
individuales,s06230
individuales,s06232
individuales,s06233
individuales,s06234
individuales,s06235
individuales,s06236
individuales,s06238
individuales,s06239
individuales,s06240
individuales,s06241
individuales,s06242
individuales,s06243
individuales,s06245
individuales,s06246
individuales,s06247
individuales,s06248
individuales,s06249
individuales,s06301
individuales,s06302
individuales,s06304
individuales,s06305
individuales,s06306
individuales,s06307
individuales,s06308
individuales,s06311
individuales,s06312
individuales,s06313
individuales,s06314
individuales,s06316
individuales,s06317
individuales,s06318
individuales,s06319
individuales,s06320
individuales,s06321
individuales,s06322
individuales,s06324
individuales,s06325
individuales,s06326
individuales,s06327
individuales,s06328
individuales,s06329
individuales,s06330
individuales,s06332
individuales,s06333
individuales,s06335
individuales,s06336
individuales,s06338
individuales,s06339
individuales,s06340
individuales,s06341
individuales,s06342
individuales,s06343
individuales,s06344
individuales,s06345
individuales,s06346
individuales,s06347
individuales,s06348
individuales,s06350
individuales,s06401
individuales,s06402
individuales,s06403
individuales,s06404
individuales,s06405
individuales,s06406
individuales,s06407
individuales,s06408
individuales,s06409
individuales,s06410
individuales,s06411
individuales,s06412
individuales,s06413
individuales,s06414
individuales,s06415
individuales,s06419
individuales,s06420
individuales,s06421
individuales,s06422
individuales,s06424
individuales,s06425
individuales,s06426
individuales,s06427
individuales,s06428
individuales,s06429
individuales,s06430
individuales,s06431
individuales,s06432
individuales,s06433
individuales,s06434
individuales,s06436
individuales,s06437
individuales,s06438
individuales,s06439
individuales,s06440
individuales,s06441
individuales,s06442
individuales,s06443
individuales,s06444
individuales,s06445
individuales,s06447
individuales,s06449
individuales,s06501
individuales,s06502
individuales,s06504
individuales,s06505
individuales,s06507
individuales,s06508
individuales,s06509
individuales,s06510
individuales,s06512
individuales,s06513
individuales,s06514
individuales,s06516
individuales,s06517
individuales,s06519
individuales,s06520
individuales,s06521
individuales,s06522
individuales,s06523
individuales,s06525
individuales,s06526
individuales,s06527
individuales,s06528
individuales,s06529
individuales,s06530
individuales,s06531
individuales,s06532
individuales,s06533
individuales,s06535
individuales,s06537
individuales,s06538
individuales,s06539
individuales,s06540
individuales,s06541
individuales,s06542
individuales,s06543
individuales,s06544
individuales,s06545
individuales,s06546
individuales,s06547
individuales,s06548
individuales,s06549
individuales,s06550
individuales,s06601
individuales,s06602
individuales,s06603
individuales,s06604
individuales,s06605
individuales,s06606
individuales,s06608
individuales,s06609
individuales,s06611
individuales,s06612
individuales,s06613
individuales,s06614
individuales,s06615
individuales,s06616
individuales,s06617
individuales,s06618
individuales,s06619
individuales,s06620
individuales,s06621
individuales,s06622
individuales,s06624
individuales,s06625
individuales,s06626
individuales,s06627
individuales,s06628
individuales,s06630
individuales,s06631
individuales,s06632
individuales,s06633
individuales,s06634
individuales,s06635
individuales,s06636
individuales,s06637
individuales,s06638
individuales,s06639
individuales,s06640
individuales,s06643
individuales,s06646
individuales,s06647
individuales,s06648
individuales,s06649
individuales,s06701
individuales,s06702
individuales,s06703
individuales,s06706
individuales,s06707
individuales,s06708
individuales,s06710
individuales,s06711
individuales,s06712
individuales,s06714
individuales,s06715
individuales,s06716
individuales,s06718
individuales,s06719
individuales,s06720
individuales,s06721
individuales,s06722
individuales,s06723
individuales,s06724
individuales,s06725
individuales,s06726
individuales,s06728
individuales,s06729
individuales,s06730
individuales,s06731
individuales,s06732
individuales,s06733
individuales,s06734
individuales,s06735
individuales,s06736
individuales,s06737
individuales,s06738
individuales,s06741
individuales,s06742
individuales,s06744
individuales,s06745
individuales,s06746
individuales,s06748
individuales,s06749
individuales,s06750
individuales,s06802
individuales,s06803
individuales,s06804
individuales,s06805
individuales,s06810
individuales,s06811
individuales,s06814
individuales,s06816
individuales,s06817
individuales,s06818
individuales,s06820
individuales,s06821
individuales,s06822
individuales,s06824
individuales,s06825
individuales,s06826
individuales,s06827
individuales,s06829
individuales,s06833
individuales,s06834
individuales,s06835
individuales,s06836
individuales,s06837
individuales,s06838
individuales,s06842
individuales,s06843
individuales,s06844
individuales,s06845
individuales,s06846
individuales,s06848
individuales,s06901
individuales,s06902
individuales,s06903
individuales,s06904
individuales,s06906
individuales,s06907
individuales,s06908
individuales,s06910
individuales,s06911
individuales,s06913
individuales,s06914
individuales,s06915
individuales,s06916
individuales,s06917
individuales,s06918
individuales,s06920
individuales,s06924
individuales,s06925
individuales,s06927
individuales,s06929
individuales,s06930
individuales,s06931
individuales,s06933
individuales,s06934
individuales,s06936
individuales,s06937
individuales,s06938
individuales,s06939
individuales,s06940
individuales,s06941
individuales,s06942
individuales,s06944
individuales,s06945
individuales,s06946
individuales,s06947
individuales,s06948
individuales,s06949
individuales,s06950
individuales,s07001
individuales,s07002
individuales,s07003
individuales,s07006
individuales,s07008
individuales,s07009
individuales,s07010
individuales,s07011
individuales,s07012
individuales,s07013
individuales,s07014
individuales,s07015
individuales,s07017
individuales,s07018
individuales,s07019
individuales,s07021
individuales,s07022
individuales,s07023
individuales,s07024
individuales,s07025
individuales,s07027
individuales,s07028
individuales,s07029
individuales,s07030
individuales,s07031
individuales,s07032
individuales,s07033
individuales,s07034
individuales,s07035
individuales,s07036
individuales,s07037
individuales,s07038
individuales,s07039
individuales,s07040
individuales,s07041
individuales,s07042
individuales,s07044
individuales,s07045
individuales,s07046
individuales,s07047
individuales,s07048
individuales,s07049
individuales,s07050
individuales,s07102
individuales,s07103
individuales,s07104
individuales,s07105
individuales,s07107
individuales,s07108
individuales,s07109
individuales,s07110
individuales,s07111
individuales,s07113
individuales,s07114
individuales,s07115
individuales,s07116
individuales,s07117
individuales,s07118
individuales,s07120
individuales,s07121
individuales,s07122
individuales,s07124
individuales,s07125
individuales,s07126
individuales,s07127
individuales,s07128
individuales,s07129
individuales,s07130
individuales,s07131
individuales,s07132
individuales,s07134
individuales,s07135
individuales,s07136
individuales,s07137
individuales,s07138
individuales,s07139
individuales,s07140
individuales,s07141
individuales,s07142
individuales,s07143
individuales,s07145
individuales,s07147
individuales,s07148
individuales,s07149
individuales,s07150
individuales,s07201
individuales,s07202
individuales,s07203
individuales,s07204
individuales,s07205
individuales,s07206
individuales,s07208
individuales,s07209
individuales,s07210
individuales,s07211
individuales,s07212
individuales,s07213
individuales,s07214
individuales,s07215
individuales,s07217
individuales,s07219
individuales,s07221
individuales,s07222
individuales,s07223
individuales,s07224
individuales,s07225
individuales,s07226
individuales,s07227
individuales,s07228
individuales,s07230
individuales,s07231
individuales,s07232
individuales,s07233
individuales,s07234
individuales,s07236
individuales,s07238
individuales,s07239
individuales,s07242
individuales,s07243
individuales,s07244
individuales,s07245
individuales,s07246
individuales,s07247
individuales,s07248
individuales,s07249
individuales,s07250
individuales,s07301
individuales,s07302
individuales,s07303
individuales,s07304
individuales,s07305
individuales,s07306
individuales,s07307
individuales,s07309
individuales,s07310
individuales,s07312
individuales,s07313
individuales,s07314
individuales,s07315
individuales,s07316
individuales,s07317
individuales,s07318
individuales,s07319
individuales,s07320
individuales,s07321
individuales,s07322
individuales,s07323
individuales,s07325
individuales,s07326
individuales,s07327
individuales,s07328
individuales,s07329
individuales,s07330
individuales,s07331
individuales,s07332
individuales,s07333
individuales,s07334
individuales,s07336
individuales,s07337
individuales,s07339
individuales,s07341
individuales,s07342
individuales,s07344
individuales,s07345
individuales,s07346
individuales,s07347
individuales,s07348
individuales,s07349
individuales,s07350
individuales,s07402
individuales,s07403
individuales,s07404
individuales,s07405
individuales,s07406
individuales,s07407
individuales,s07409
individuales,s07410
individuales,s07411
individuales,s07412
individuales,s07413
individuales,s07414
individuales,s07416
individuales,s07417
individuales,s07419
individuales,s07420
individuales,s07421
individuales,s07422
individuales,s07423
individuales,s07424
individuales,s07426
individuales,s07427
individuales,s07428
individuales,s07429
individuales,s07432
individuales,s07433
individuales,s07434
individuales,s07439
individuales,s07440
individuales,s07442
individuales,s07443
individuales,s07444
individuales,s07445
individuales,s07446
individuales,s07447
individuales,s07450
individuales,s07501
individuales,s07502
individuales,s07503
individuales,s07504
individuales,s07506
individuales,s07507
individuales,s07508
individuales,s07512
individuales,s07513
individuales,s07514
individuales,s07515
individuales,s07517
individuales,s07518
individuales,s07519
individuales,s07520
individuales,s07521
individuales,s07522
individuales,s07523
individuales,s07524
individuales,s07525
individuales,s07526
individuales,s07527
individuales,s07528
individuales,s07529
individuales,s07530
individuales,s07531
individuales,s07532
individuales,s07533
individuales,s07534
individuales,s07535
individuales,s07536
individuales,s07537
individuales,s07538
individuales,s07539
individuales,s07540
individuales,s07541
individuales,s07542
individuales,s07545
individuales,s07547
individuales,s07548
individuales,s07549
individuales,s07550
individuales,s07602
individuales,s07606
individuales,s07607
individuales,s07608
individuales,s07609
individuales,s07610
individuales,s07611
individuales,s07612
individuales,s07614
individuales,s07615
individuales,s07616
individuales,s07618
individuales,s07619
individuales,s07620
individuales,s07621
individuales,s07622
individuales,s07623
individuales,s07624
individuales,s07625
individuales,s07626
individuales,s07627
individuales,s07628
individuales,s07629
individuales,s07630
individuales,s07631
individuales,s07633
individuales,s07635
individuales,s07636
individuales,s07637
individuales,s07638
individuales,s07639
individuales,s07640
individuales,s07641
individuales,s07643
individuales,s07644
individuales,s07645
individuales,s07646
individuales,s07647
individuales,s07649
individuales,s07650
individuales,s07701
individuales,s07702
individuales,s07704
individuales,s07705
individuales,s07706
individuales,s07707
individuales,s07708
individuales,s07712
individuales,s07713
individuales,s07714
individuales,s07715
individuales,s07716
individuales,s07717
individuales,s07719
individuales,s07720
individuales,s07721
individuales,s07722
individuales,s07723
individuales,s07724
individuales,s07725
individuales,s07726
individuales,s07727
individuales,s07728
individuales,s07730
individuales,s07732
individuales,s07733
individuales,s07734
individuales,s07735
individuales,s07736
individuales,s07737
individuales,s07738
individuales,s07739
individuales,s07740
individuales,s07741
individuales,s07742
individuales,s07743
individuales,s07744
individuales,s07745
individuales,s07747
individuales,s07748
individuales,s07750
individuales,s07801
individuales,s07802
individuales,s07804
individuales,s07806
individuales,s07807
individuales,s07808
individuales,s07809
individuales,s07810
individuales,s07812
individuales,s07814
individuales,s07816
individuales,s07817
individuales,s07819
individuales,s07820
individuales,s07822
individuales,s07823
individuales,s07824
individuales,s07826
individuales,s07827
individuales,s07828
individuales,s07829
individuales,s07830
individuales,s07831
individuales,s07832
individuales,s07833
individuales,s07834
individuales,s07836
individuales,s07837
individuales,s07838
individuales,s07839
individuales,s07841
individuales,s07842
individuales,s07843
individuales,s07844
individuales,s07845
individuales,s07846
individuales,s07848
individuales,s07849
individuales,s07850
individuales,s07901
individuales,s07902
individuales,s07903
individuales,s07904
individuales,s07905
individuales,s07906
individuales,s07908
individuales,s07909
individuales,s07910
individuales,s07911
individuales,s07912
individuales,s07913
individuales,s07914
individuales,s07915
individuales,s07916
individuales,s07918
individuales,s07919
individuales,s07920
individuales,s07922
individuales,s07923
individuales,s07924
individuales,s07926
individuales,s07927
individuales,s07928
individuales,s07929
individuales,s07930
individuales,s07931
individuales,s07932
individuales,s07933
individuales,s07934
individuales,s07936
individuales,s07937
individuales,s07938
individuales,s07940
individuales,s07942
individuales,s07943
individuales,s07944
individuales,s07945
individuales,s07946
individuales,s07947
individuales,s07949
individuales,s07950
individuales,s08001
individuales,s08002
individuales,s08003
individuales,s08004
individuales,s08005
individuales,s08006
individuales,s08007
individuales,s08008
individuales,s08009
individuales,s08010
individuales,s08011
individuales,s08012
individuales,s08013
individuales,s08014
individuales,s08015
individuales,s08016
individuales,s08017
individuales,s08018
individuales,s08019
individuales,s08020
individuales,s08023
individuales,s08024
individuales,s08026
individuales,s08027
individuales,s08028
individuales,s08029
individuales,s08031
individuales,s08033
individuales,s08035
individuales,s08037
individuales,s08038
individuales,s08039
individuales,s08040
individuales,s08041
individuales,s08042
individuales,s08043
individuales,s08045
individuales,s08046
individuales,s08049
individuales,s08050
individuales,s08101
individuales,s08102
individuales,s08103
individuales,s08104
individuales,s08105
individuales,s08106
individuales,s08107
individuales,s08108
individuales,s08109
individuales,s08110
individuales,s08111
individuales,s08112
individuales,s08113
individuales,s08114
individuales,s08115
individuales,s08116
individuales,s08117
individuales,s08119
individuales,s08120
individuales,s08121
individuales,s08122
individuales,s08123
individuales,s08124
individuales,s08125
individuales,s08126
individuales,s08127
individuales,s08128
individuales,s08129
individuales,s08130
individuales,s08131
individuales,s08132
individuales,s08133
individuales,s08134
individuales,s08135
individuales,s08136
individuales,s08137
individuales,s08138
individuales,s08139
individuales,s08141
individuales,s08142
individuales,s08143
individuales,s08144
individuales,s08145
individuales,s08146
individuales,s08147
individuales,s08148
individuales,s08149
individuales,s08150
individuales,s08201
individuales,s08202
individuales,s08203
individuales,s08204
individuales,s08205
individuales,s08208
individuales,s08209
individuales,s08210
individuales,s08211
individuales,s08212
individuales,s08213
individuales,s08214
individuales,s08215
individuales,s08216
individuales,s08217
individuales,s08218
individuales,s08219
individuales,s08221
individuales,s08222
individuales,s08223
individuales,s08224
individuales,s08226
individuales,s08227
individuales,s08228
individuales,s08230
individuales,s08231
individuales,s08232
individuales,s08233
individuales,s08234
individuales,s08236
individuales,s08238
individuales,s08240
individuales,s08241
individuales,s08242
individuales,s08243
individuales,s08244
individuales,s08245
individuales,s08246
individuales,s08247
individuales,s08248
individuales,s08250
individuales,s08301
individuales,s08302
individuales,s08303
individuales,s08305
individuales,s08306
individuales,s08308
individuales,s08310
individuales,s08311
individuales,s08312
individuales,s08313
individuales,s08314
individuales,s08315
individuales,s08316
individuales,s08319
individuales,s08320
individuales,s08322
individuales,s08323
individuales,s08325
individuales,s08326
individuales,s08328
individuales,s08329
individuales,s08330
individuales,s08331
individuales,s08332
individuales,s08333
individuales,s08335
individuales,s08336
individuales,s08337
individuales,s08338
individuales,s08340
individuales,s08341
individuales,s08342
individuales,s08343
individuales,s08344
individuales,s08346
individuales,s08347
individuales,s08348
individuales,s08349
individuales,s08401
individuales,s08402
individuales,s08405
individuales,s08406
individuales,s08407
individuales,s08408
individuales,s08410
individuales,s08411
individuales,s08412
individuales,s08413
individuales,s08415
individuales,s08416
individuales,s08418
individuales,s08419
individuales,s08420
individuales,s08421
individuales,s08422
individuales,s08423
individuales,s08424
individuales,s08425
individuales,s08426
individuales,s08427
individuales,s08428
individuales,s08430
individuales,s08432
individuales,s08433
individuales,s08434
individuales,s08435
individuales,s08436
individuales,s08438
individuales,s08439
individuales,s08440
individuales,s08441
individuales,s08442
individuales,s08443
individuales,s08444
individuales,s08445
individuales,s08446
individuales,s08447
individuales,s08448
individuales,s08449
individuales,s08450
individuales,s08501
individuales,s08502
individuales,s08503
individuales,s08505
individuales,s08506
individuales,s08507
individuales,s08508
individuales,s08509
individuales,s08511
individuales,s08512
individuales,s08513
individuales,s08514
individuales,s08515
individuales,s08516
individuales,s08517
individuales,s08518
individuales,s08519
individuales,s08520
individuales,s08521
individuales,s08522
individuales,s08523
individuales,s08524
individuales,s08526
individuales,s08527
individuales,s08528
individuales,s08529
individuales,s08530
individuales,s08531
individuales,s08533
individuales,s08534
individuales,s08535
individuales,s08536
individuales,s08537
individuales,s08538
individuales,s08539
individuales,s08541
individuales,s08542
individuales,s08543
individuales,s08544
individuales,s08546
individuales,s08547
individuales,s08548
individuales,s08549
individuales,s08601
individuales,s08602
individuales,s08603
individuales,s08604
individuales,s08605
individuales,s08606
individuales,s08607
individuales,s08609
individuales,s08611
individuales,s08612
individuales,s08613
individuales,s08614
individuales,s08615
individuales,s08616
individuales,s08617
individuales,s08618
individuales,s08619
individuales,s08622
individuales,s08623
individuales,s08625
individuales,s08626
individuales,s08627
individuales,s08628
individuales,s08629
individuales,s08633
individuales,s08634
individuales,s08635
individuales,s08636
individuales,s08641
individuales,s08642
individuales,s08643
individuales,s08644
individuales,s08645
individuales,s08647
individuales,s08648
individuales,s08650
individuales,s08701
individuales,s08704
individuales,s08705
individuales,s08706
individuales,s08708
individuales,s08709
individuales,s08711
individuales,s08713
individuales,s08714
individuales,s08716
individuales,s08717
individuales,s08718
individuales,s08719
individuales,s08720
individuales,s08721
individuales,s08722
individuales,s08723
individuales,s08724
individuales,s08725
individuales,s08726
individuales,s08727
individuales,s08728
individuales,s08729
individuales,s08731
individuales,s08732
individuales,s08733
individuales,s08734
individuales,s08735
individuales,s08736
individuales,s08738
individuales,s08740
individuales,s08741
individuales,s08742
individuales,s08744
individuales,s08746
individuales,s08747
individuales,s08749
individuales,s08750
individuales,s08801
individuales,s08802
individuales,s08803
individuales,s08805
individuales,s08808
individuales,s08809
individuales,s08810
individuales,s08811
individuales,s08812
individuales,s08813
individuales,s08814
individuales,s08815
individuales,s08816
individuales,s08817
individuales,s08818
individuales,s08819
individuales,s08820
individuales,s08821
individuales,s08822
individuales,s08823
individuales,s08824
individuales,s08826
individuales,s08827
individuales,s08828
individuales,s08830
individuales,s08831
individuales,s08833
individuales,s08834
individuales,s08836
individuales,s08838
individuales,s08839
individuales,s08840
individuales,s08841
individuales,s08842
individuales,s08844
individuales,s08845
individuales,s08846
individuales,s08847
individuales,s08848
individuales,s08849
individuales,s08850
individuales,s08901
individuales,s08902
individuales,s08903
individuales,s08905
individuales,s08906
individuales,s08907
individuales,s08908
individuales,s08909
individuales,s08910
individuales,s08911
individuales,s08912
individuales,s08914
individuales,s08915
individuales,s08916
individuales,s08917
individuales,s08918
individuales,s08919
individuales,s08920
individuales,s08921
individuales,s08922
individuales,s08923
individuales,s08924
individuales,s08925
individuales,s08926
individuales,s08927
individuales,s08928
individuales,s08929
individuales,s08930
individuales,s08931
individuales,s08932
individuales,s08933
individuales,s08934
individuales,s08935
individuales,s08936
individuales,s08937
individuales,s08938
individuales,s08940
individuales,s08941
individuales,s08943
individuales,s08944
individuales,s08945
individuales,s08946
individuales,s08947
individuales,s08948
individuales,s08949
individuales,s08950
individuales,s09002
individuales,s09003
individuales,s09005
individuales,s09006
individuales,s09007
individuales,s09009
individuales,s09010
individuales,s09012
individuales,s09013
individuales,s09015
individuales,s09016
individuales,s09017
individuales,s09018
individuales,s09019
individuales,s09020
individuales,s09022
individuales,s09024
individuales,s09025
individuales,s09026
individuales,s09027
individuales,s09028
individuales,s09029
individuales,s09030
individuales,s09031
individuales,s09032
individuales,s09033
individuales,s09034
individuales,s09036
individuales,s09038
individuales,s09039
individuales,s09040
individuales,s09041
individuales,s09042
individuales,s09043
individuales,s09044
individuales,s09045
individuales,s09046
individuales,s09048
individuales,s09101
individuales,s09102
individuales,s09103
individuales,s09104
individuales,s09106
individuales,s09107
individuales,s09108
individuales,s09109
individuales,s09110
individuales,s09111
individuales,s09112
individuales,s09113
individuales,s09115
individuales,s09116
individuales,s09117
individuales,s09118
individuales,s09121
individuales,s09122
individuales,s09123
individuales,s09125
individuales,s09128
individuales,s09129
individuales,s09130
individuales,s09131
individuales,s09132
individuales,s09133
individuales,s09134
individuales,s09136
individuales,s09137
individuales,s09138
individuales,s09139
individuales,s09140
individuales,s09141
individuales,s09144
individuales,s09146
individuales,s09147
individuales,s09148
individuales,s09149
individuales,s09150
individuales,s09201
individuales,s09202
individuales,s09203
individuales,s09205
individuales,s09206
individuales,s09207
individuales,s09209
individuales,s09210
individuales,s09211
individuales,s09212
individuales,s09213
individuales,s09214
individuales,s09215
individuales,s09216
individuales,s09217
individuales,s09218
individuales,s09219
individuales,s09220
individuales,s09221
individuales,s09223
individuales,s09224
individuales,s09225
individuales,s09227
individuales,s09228
individuales,s09230
individuales,s09232
individuales,s09234
individuales,s09235
individuales,s09237
individuales,s09238
individuales,s09239
individuales,s09240
individuales,s09241
individuales,s09243
individuales,s09245
individuales,s09246
individuales,s09247
individuales,s09249
individuales,s09301
individuales,s09302
individuales,s09303
individuales,s09304
individuales,s09307
individuales,s09308
individuales,s09309
individuales,s09310
individuales,s09311
individuales,s09312
individuales,s09313
individuales,s09314
individuales,s09315
individuales,s09316
individuales,s09317
individuales,s09318
individuales,s09319
individuales,s09320
individuales,s09321
individuales,s09322
individuales,s09323
individuales,s09324
individuales,s09325
individuales,s09326
individuales,s09327
individuales,s09328
individuales,s09330
individuales,s09331
individuales,s09332
individuales,s09333
individuales,s09334
individuales,s09335
individuales,s09336
individuales,s09337
individuales,s09338
individuales,s09340
individuales,s09341
individuales,s09343
individuales,s09344
individuales,s09345
individuales,s09347
individuales,s09348
individuales,s09349
individuales,s09350
individuales,s09401
individuales,s09404
individuales,s09405
individuales,s09406
individuales,s09408
individuales,s09409
individuales,s09410
individuales,s09411
individuales,s09413
individuales,s09414
individuales,s09415
individuales,s09417
individuales,s09418
individuales,s09419
individuales,s09421
individuales,s09422
individuales,s09423
individuales,s09425
individuales,s09426
individuales,s09427
individuales,s09428
individuales,s09429
individuales,s09430
individuales,s09431
individuales,s09432
individuales,s09433
individuales,s09434
individuales,s09436
individuales,s09437
individuales,s09438
individuales,s09439
individuales,s09440
individuales,s09441
individuales,s09442
individuales,s09443
individuales,s09444
individuales,s09445
individuales,s09446
individuales,s09449
individuales,s09450
individuales,s09501
individuales,s09503
individuales,s09504
individuales,s09505
individuales,s09506
individuales,s09509
individuales,s09511
individuales,s09512
individuales,s09513
individuales,s09514
individuales,s09515
individuales,s09516
individuales,s09517
individuales,s09518
individuales,s09519
individuales,s09520
individuales,s09521
individuales,s09522
individuales,s09523
individuales,s09524
individuales,s09525
individuales,s09527
individuales,s09528
individuales,s09529
individuales,s09530
individuales,s09531
individuales,s09532
individuales,s09534
individuales,s09535
individuales,s09537
individuales,s09538
individuales,s09539
individuales,s09540
individuales,s09541
individuales,s09543
individuales,s09544
individuales,s09545
individuales,s09546
individuales,s09547
individuales,s09549
individuales,s09550
individuales,s09601
individuales,s09602
individuales,s09604
individuales,s09605
individuales,s09606
individuales,s09607
individuales,s09608
individuales,s09610
individuales,s09611
individuales,s09612
individuales,s09613
individuales,s09614
individuales,s09615
individuales,s09616
individuales,s09617
individuales,s09620
individuales,s09621
individuales,s09622
individuales,s09623
individuales,s09624
individuales,s09625
individuales,s09626
individuales,s09627
individuales,s09629
individuales,s09630
individuales,s09631
individuales,s09632
individuales,s09633
individuales,s09635
individuales,s09636
individuales,s09637
individuales,s09638
individuales,s09639
individuales,s09640
individuales,s09641
individuales,s09642
individuales,s09643
individuales,s09644
individuales,s09645
individuales,s09646
individuales,s09703
individuales,s09704
individuales,s09705
individuales,s09706
individuales,s09707
individuales,s09708
individuales,s09709
individuales,s09710
individuales,s09711
individuales,s09713
individuales,s09715
individuales,s09716
individuales,s09717
individuales,s09719
individuales,s09721
individuales,s09722
individuales,s09723
individuales,s09726
individuales,s09727
individuales,s09728
individuales,s09729
individuales,s09730
individuales,s09731
individuales,s09732
individuales,s09733
individuales,s09734
individuales,s09735
individuales,s09736
individuales,s09737
individuales,s09739
individuales,s09740
individuales,s09741
individuales,s09742
individuales,s09743
individuales,s09745
individuales,s09746
individuales,s09747
individuales,s09748
individuales,s09749
individuales,s09750
individuales,s09802
individuales,s09803
individuales,s09804
individuales,s09806
individuales,s09807
individuales,s09809
individuales,s09810
individuales,s09812
individuales,s09813
individuales,s09814
individuales,s09815
individuales,s09816
individuales,s09817
individuales,s09818
individuales,s09820
individuales,s09821
individuales,s09823
individuales,s09824
individuales,s09827
individuales,s09828
individuales,s09830
individuales,s09831
individuales,s09832
individuales,s09833
individuales,s09834
individuales,s09835
individuales,s09836
individuales,s09837
individuales,s09838
individuales,s09840
individuales,s09841
individuales,s09842
individuales,s09844
individuales,s09845
individuales,s09846
individuales,s09847
individuales,s09848
individuales,s09849
individuales,s09850
individuales,s09901
individuales,s09902
individuales,s09903
individuales,s09905
individuales,s09906
individuales,s09907
individuales,s09908
individuales,s09909
individuales,s09910
individuales,s09911
individuales,s09912
individuales,s09914
individuales,s09915
individuales,s09916
individuales,s09917
individuales,s09918
individuales,s09919
individuales,s09920
individuales,s09921
individuales,s09922
individuales,s09923
individuales,s09924
individuales,s09925
individuales,s09926
individuales,s09927
individuales,s09928
individuales,s09929
individuales,s09930
individuales,s09931
individuales,s09932
individuales,s09933
individuales,s09935
individuales,s09936
individuales,s09937
individuales,s09938
individuales,s09939
individuales,s09940
individuales,s09941
individuales,s09942
individuales,s09943
individuales,s09944
individuales,s09945
individuales,s09946
individuales,s09948
individuales,s09949
individuales,s10001
individuales,s10003
individuales,s10005
individuales,s10007
individuales,s10008
individuales,s10009
individuales,s10011
individuales,s10012
individuales,s10013
individuales,s10014
individuales,s10016
individuales,s10017
individuales,s10019
individuales,s10020
individuales,s10021
individuales,s10022
individuales,s10023
individuales,s10024
individuales,s10025
individuales,s10026
individuales,s10027
individuales,s10028
individuales,s10029
individuales,s10031
individuales,s10032
individuales,s10033
individuales,s10034
individuales,s10035
individuales,s10036
individuales,s10038
individuales,s10039
individuales,s10041
individuales,s10043
individuales,s10045
individuales,s10046
individuales,s10047
individuales,s10048
individuales,s10049
individuales,s10050
